Longitude,Latitude
-132.8202,55.2035
-141.5667,62.9375
-149.7853,61.0595
-141.3165,62.77335
-147.8142,64.89139
-87.00665,34.6802
-87.35664,33.21145
-87.31821,33.26035
-86.64066,33.3674
-85.705,32.43
-85.625,33.35
-86.5,33.59
-86.581,32.184
-86.6575,34.71139
-87.53395,33.8957
-87.77686,34.70112
-88.12475,33.41574
-88.26291,31.25385
-85.48985,33.82162
-86.5045,34.32279
-86.56954,34.47091
-86.88621,34.29511
-86.37698,32.48322
-86.98473,33.55153
-87.6942,33.37095
-86.96416,34.00806
-85.22781,34.14117
-85.21574,31.23374
-85.7944,31.53475
-88.31126,31.24305
-85.41961,33.64341
-92.03389,33.82111
-94.23417,36.20611
-93.13361,35.27833
-92.40778,34.53167
-91.27056,33.7985
-92.61493,33.14663
-92.64066,33.26462
-93.162,34.285
-94.3745,34.369
-92.63179,36.29871
-92.75093,34.73147
-91.22115,33.26855
-93.98622,33.33171
-92.52505,36.14065
-91.52025,36.33205
-92.3575,34.86535
-92.30614,36.38605
-91.46231,35.703
-91.60007,35.34737
-92.27071,36.37399
-91.50301,35.255
-94.1125,34.4125
-92.25454,34.85324
-90.1355,35.738
-93.1545,36.042
-109.4276,36.09081
-109.64,34.325
-109.675,32.815
-109.44,34.6
-110.4298,33.99989
-112.6432,33.3785
-111.1367,34.28939
-110.165,34.1
-110,34
-110.11,34.285
-109.25,35.175
-122.2703,41.21361
-120.0133,38.85556
-121.0161,39.26361
-120.5836,38.72139
-119.2119,37.23389
-120.3275,39.31917
-120.2434,38.0312
-120.6033,38.90333
-122.278,40.7974
-119.5483,38.3068
-123.2718,40.7485
-120.2201,38.86165
-118.9166,37.58325
-124.0687,41.21385
-123.1668,41.8333
-123.2393,39.83929
-123.3899,39.51489
-118.375,36.70835
-123.0585,38.83996
-123.1749,41.98645
-120.2083,38.79998
-123.4498,41.65925
-121,38.25
-122.575,41.845
-119.6234,38.51665
-117.3395,34.28665
-118.9604,36.77763
-123.7879,41.89288
-121.8214,40.64289
-108.2083,37.4625
-107.0671,39.3375
-104.9917,38.9006
-106.8583,37.025
-106.4417,39.0917
-106.625,39.45824
-108.3364,37.33925
-104.9426,38.5859
-105.7854,39.39565
-106.5445,39.1006
-105.6385,40.84707
-106.496,37.37285
-106.199,38.83714
-107.7015,37.70338
-105.475,39.40589
-107.0596,39.37357
-106.3023,39.80777
-105.2527,39.35503
-105.4147,39.52701
-106.1444,39.41087
-73.36136,41.49472
-72.85863,41.42178
-72.60558,41.38622
-71.90106,41.59272
-84.20835,30.4836
-85.76891,30.7599
-80.8044,27.3973
-85.6316,30.4664
-81.9055,29.07655
-84.583,30.587
-81.33,25.927
-81.35876,27.37341
-81.771,30.069
-80.926,25.141
-82.44749,28.252
-81.22285,26.0079
-82.879,30.3125
-81.82794,30.05287
-82.3722,29.1039
-81.88324,30.10139
-81.90216,30.03432
-81.90477,28.78028
-81.89565,30.10386
-81.94118,30.11584
-81.80878,29.43465
-81.7268,29.3143
-81.89905,30.10851
-81.48598,25.95574
-82.76431,28.19899
-82.24487,28.14617
-81.95577,28.44926
-81.85762,30.08748
-81.95577,28.44926
-81.97483,28.50566
-81.91354,29.94011
-86.7513,30.6966
-80.84301,28.93312
-82.40295,28.78812
-81.86789,29.36953
-80.84716,28.48899
-81.2299,29.83863
-85.20786,30.71362
-81.52609,29.28971
-80.55011,27.78042
-82.01917,29.16722
-81.4819,29.05872
-81.71583,26.85451
-81.74579,29.49577
-80.58182,25.76119
-81.59869,28.99496
-81.81697,26.67822
-82.0443,30.71004
-84.91096,30.54079
-82.82335,29.42016
-82.43094,27.66726
-81.85223,29.97917
-82.0435,29.1795
-82.3948,28.14162
-81.98468,27.19995
-83.1736,30.37369
-81.64167,29.00086
-83.00198,29.23723
-82.22301,27.35273
-81.23721,28.42146
-81.69337,29.27043
-86.63961,30.71482
-86.4945,30.6098
-82.39019,27.00061
-80.10344,27.01091
-83.412,30.67
-82.24886,32.38575
-83.69085,34.68319
-84.7681,33.48295
-84.78979,33.80785
-84.97515,33.81029
-84.73846,34.1318
-84.5136,34.48287
-84.383,34.39965
-83.26071,31.17384
-84.58501,34.8155
-84.48006,34.31955
-84.5317,33.49565
-84.73555,33.2706
-82.6386,30.83105
-81.64665,31.46641
-84.72352,34.8243
-83.66153,31.18562
-81.61756,31.9853
-85.18678,34.17521
-83.08486,31.35289
-84.83903,34.03528
-85.16238,34.05198
-83.71705,34.66467
-84.82338,33.94979
-85.10207,33.81871
-83.31311,34.8804
-84.508,33.37111
-81.78378,32.5754
-94.22206,42.72063
-93.22192,42.73854
-91.68192,42.28422
-94.045,41.461
-90.66615,42.4104
-91.74585,41.47445
-90.76557,42.55997
-93.92304,42.03477
-116.8368,46.8102
-111.7899,43.41005
-114.2634,42.21834
-115.586,46.94
-115.8714,44.28265
-112.2873,44.41131
-116.99,48.1964
-116.923,46.97822
-116.0542,44.95277
-116.6339,48.45359
-116.0518,47.02242
-116.1155,44.66862
-112.9954,44.0555
-116.2617,47.61893
-90.16171,38.92241
-88.562,41.3368
-88.562,41.3368
-87.47077,40.34057
-89.54485,38.4763
-90.459,40.316
-89.85,42.21
-88.867,39.781
-89.582,38.946
-90.9009,40.9452
-90.64,39.607
-89.341,38.567
-89.48787,39.26776
-90.1451,38.9951
-88.724,40.19732
-89.73378,40.82944
-90.24173,39.57463
-90.18651,39.6548
-90.17564,39.53747
-90.0055,40.5658
-89.3469,39.5075
-87.83285,41.84136
-89.3469,39.5075
-88.53889,41.33018
-88.60814,41.29663
-88.38197,37.60075
-90.40184,39.02341
-88.71103,41.42396
-89.41959,40.14471
-88.706,41.4209
-87.68468,38.71682
-88.29926,42.18476
-88.4586,41.61575
-88.99181,38.1038
-89.36896,37.18404
-89.48784,37.71917
-90.79664,40.45273
-87.79079,38.37945
-87.75156,41.53346
-89.48784,37.71917
-89.60034,40.67577
-90.95499,39.91682
-87.60593,41.40762
-87.8572,38.354
-90.928,40.9119
-89.80784,41.72264
-90.16382,41.12409
-88.92,41.3224
-90.4429,40.9474
-88.70795,39.50655
-90.3832,40.625
-88.30026,42.1838
-88.60679,41.29601
-89.23383,37.85126
-89.30203,37.4351
-89.86021,39.4383
-89.36241,37.56937
-89.56226,39.75318
-89.36241,37.56937
-90.15218,40.06831
-85.7037,41.3382
-85.61,39.3579
-86.11,39.38
-86.22125,39.2065
-87.13843,37.83837
-86.79333,38.63472
-86.33011,39.24841
-97.3374,37.0581
-96.44296,38.62563
-97.34005,39.7273
-98.42924,37.56279
-95.44415,39.2305
-97.1953,37.3444
-97.4572,37.40504
-97.41755,38.19744
-99.26195,39.1062
-94.54,39.8595
-98.2833,39.30595
-94.91451,39.4045
-97.85428,37.56215
-82.7989,38.53187
-84.33998,36.66257
-83.81139,37.82708
-87.89472,36.75139
-83.95846,37.0787
-87.344,37.6095
-83.89224,37.49582
-83.46259,38.05703
-86.45915,36.68937
-87.01657,37.64966
-84.50035,37.55156
-82.5183,37.47975
-86.11702,37.96027
-84.79574,39.08002
-84.90234,37.97699
-87.93167,36.8216
-82.69125,38.06181
-83.41507,38.2592
-83.42429,36.83193
-83.56467,37.00633
-86.93743,37.65522
-86.05289,37.51867
-84.26856,37.32355
-93.50845,31.5831
-92.914,32.0199
-91.76733,30.74715
-93.4991,31.60641
-71.58914,42.01496
-70.95906,41.74419
-71.42092,42.09091
-73.21289,42.7396
-70.61507,44.34113
-83.60472,42.30472
-85.60028,42.39472
-85.34194,43.235
-86.16861,42.86361
-83.92834,43.92736
-83.58,42.40611
-84.05358,44.36434
-84.7802,41.9773
-84.40335,44.41835
-85.97613,46.18968
-84.425,45.1475
-83.845,44.565
-84.605,45.35665
-86.10172,44.22671
-87.46171,46.60424
-86.21193,46.19183
-86.4565,43.674
-83.4885,45.351
-85.2165,44.1305
-85.92196,44.0559
-83.89001,44.2725
-89.91997,46.3018
-84.88741,43.38621
-82.53918,43.39116
-92.36145,43.80075
-93.02428,47.27147
-92.36145,43.80075
-94.98708,47.43842
-93,47.5
-92.01759,47.4284
-94.27725,45.8
-92.92708,47.83334
-91.97748,47.87965
-93.4303,37.0968
-91.6253,38.28
-92.411,38.305
-93.8232,36.8133
-94.856,39.859
-93.684,37.664
-93.82087,37.87153
-90.79886,37.79465
-91.16042,38.2081
-92.36771,38.9099
-94.60989,36.51627
-94.11218,37.85524
-94.6028,37.84203
-90.23058,37.40025
-93.14626,36.39835
-94.19245,38.5229
-94.59565,39.30745
-94.1057,38.5992
-94.40015,39.60238
-90.83465,37.30427
-94.22043,38.99353
-91.154,36.469
-94.29428,39.502
-91.578,37.422
-94.271,39.2475
-92.05,37.7925
-93.4025,39.1175
-90.5545,38.203
-92.225,38.485
-94.14297,38.46156
-92.52242,37.46392
-90.277,37.0505
-88.864,32.1806
-88.19894,34.60905
-115.3903,47.62167
-114.0717,47.06032
-106.8331,45.0262
-114.0125,45.82285
-112.4554,45.9754
-108.6873,47.66724
-112.9707,45.3705
-113.9818,47.98521
-114.45,47.25335
-115.6545,47.43904
-78.4048,35.5311
-80.0616,35.4449
-77.23759,34.40434
-81.92929,35.88561
-82.05008,35.85107
-82.22121,35.75278
-82.56715,35.41939
-81.03185,35.94647
-77.85507,34.78052
-79.26708,34.5287
-82.488,35.1685
-81.78065,35.6644
-83.52992,35.33783
-79.97967,35.24749
-81.08335,36.0055
-102.701,47.72964
-101.8886,47.71188
-95.92,41.238
-72.33093,43.41549
-74.321,41.08335
-74.68135,40.16465
-74.3249,40.9934
-74.3749,39.7962
-74.85561,40.8192
-74.57013,41.01941
-75.38251,39.70852
-74.36187,39.98216
-74.54086,39.7784
-74.77675,40.45815
-108.87,36.126
-105.7947,33.15405
-108.8676,35.63736
-104.4801,36.9934
-107.3956,36.72065
-107.6021,36.7474
-109.0612,36.39135
-108.7608,36.81315
-107.9978,35.58565
-108.892,36.08089
-105.9678,36.65339
-108.2034,35.37201
-108.84,36.0605
-105.2526,35.52162
-118.325,37.8583
-78.23962,43.34806
-75.3811,42.32921
-78.54224,43.19501
-73.87915,41.94512
-76.89331,43.27314
-73.73717,41.29873
-73.55858,41.87219
-74.23166,43.46181
-73.34116,43.55915
-78.7492,42.06832
-73.87529,44.22388
-73.40212,43.56058
-77.29253,42.33473
-81.25768,40.77789
-81.33974,41.39803
-81.85331,39.28537
-84.09158,39.74961
-84.79429,39.37509
-84.80138,39.37215
-83.6118,40.6445
-82.1013,39.64193
-82.0101,41.03
-80.57593,40.68935
-81.98721,39.90416
-80.64831,40.77972
-81.17155,41.13356
-84.14493,39.89172
-83.13585,39.20212
-81.96419,41.06648
-83.9374,40.6559
-80.89096,41.42579
-81.5117,40.1218
-81.61014,39.92781
-82.82214,40.5896
-83.51394,39.96627
-81.22075,41.57231
-82.87663,40.50945
-81.18352,40.71737
-81.56232,40.10801
-81.56255,41.2584
-84.36874,39.63662
-80.77592,41.09087
-80.97507,40.95818
-82.14285,38.9264
-81.39331,40.47672
-80.95952,41.81287
-81.60576,41.23739
-84.04518,40.04342
-82.17295,40.61286
-81.08803,40.40192
-82.17295,40.61286
-81.50933,40.10348
-81.31219,40.79438
-84.17227,39.13595
-81.13733,40.40611
-80.84042,40.92344
-82.905,38.965
-83.05098,41.29247
-80.69776,40.94825
-84.10731,38.99484
-80.93864,40.30527
-82.83647,39.6279
-82.35291,39.59607
-82.26463,39.63255
-82.26972,40.8557
-81.62295,41.23925
-98.34056,35.10278
-94.55944,34.59583
-95.80417,36.91528
-96.968,35.86972
-98.13028,35.33389
-95.74556,36.18889
-97.33528,35.27639
-94.7325,34.689
-97.5625,35.24194
-97.07361,33.82444
-98.62833,34.62944
-97.00389,35.68583
-96.21,34.25
-95.94727,35.2933
-96.12164,36.62116
-96.36707,36.03501
-96.63857,34.21174
-98.61497,34.76134
-94.38045,34.4082
-94.66875,35.0271
-94.71512,36.94679
-94.4435,34.021
-97.67827,35.53925
-124.3,42.07
-124.3,42.08
-121.9139,45.33175
-122.1884,45.55364
-123.449,42.39031
-123.4166,44.58335
-121.8735,45.63923
-118.875,45.46571
-121.726,44.42565
-122.1,43.6165
-123.694,45.0608
-123.1611,43.3029
-123.6416,42.24165
-122.475,42.6
-121.6796,45.274
-122.1814,43.3622
-122.0802,43.08929
-118.3692,44.9723
-122.095,44.7679
-121.6384,44.56625
-123.4034,42.354
-123.5585,43.2073
-121.8388,45.31061
-122.2347,44.95023
-123.6216,42.16024
-121.7084,45.8417
-122.1322,44.40946
-124.43,43
-123.1691,45.85606
-122.339,42.12363
-77.8768,41.7655
-76.804,41.4065
-79.9167,40.5833
-79.7668,40.5278
-80.25475,40.52825
-75.37814,40.37726
-78.5826,41.12782
-74.85745,40.1316
-80.50751,41.05
-78.87955,41.51954
-75.327,40.8495
-80.3891,34.59
-81.61264,32.98597
-80.074,34.374
-80.316,33.096
-81.56005,34.9533
-79.8102,33.0932
-101.7312,43.4471
-103.4966,43.89875
-99.1903,43.37663
-86.465,35.11417
-87.19556,35.20416
-84.0475,35.5559
-84.48414,35.18597
-83.3032,35.4745
-84.66167,36.19746
-86.15759,36.25466
-84.88466,35.97231
-85.07263,35.30146
-82.38587,36.15588
-89.03873,36.16488
-89.17284,36.02328
-87.39061,35.22149
-97.8375,33.29083
-95.58334,30.52361
-98.35,33.13333
-94.59222,32.68945
-94.41528,30.775
-96.10222,32.94722
-94.52,32.62389
-94.15,32.58333
-94.85,30.26667
-94.2,32.05806
-94.79333,30.26861
-94.82,30.10305
-94.25694,33.07639
-96.29222,29.17805
-95.21667,32.18333
-94.86667,30.41667
-94.68333,32.01667
-95.63,30.6
-95.3,30.63333
-95.32,30.31667
-94.70139,30.71139
-95.28653,30.3343
-93.972,30.83315
-95.6669,31.6212
-95.46671,32.85232
-95.23958,33.36867
-93.8117,30.12615
-101.667,34.93243
-98.68465,29.56835
-96.12524,31.93425
-95.35257,32.19202
-97.61,32.675
-97.61,32.675
-98.15854,29.52533
-96.05,33.445
-98.225,33.675
-97.2836,30.40335
-98.325,33.275
-100.6767,35.93985
-95.38226,31.55668
-95.48672,32.31565
-94.95061,31.86794
-97.67403,30.51559
-94.32404,30.19144
-94.32321,34.03789
-97.84,32.64
-98.03284,32.66908
-97.93719,30.77532
-109.9,40.5
-112.35,38.225
-111.5447,40.0445
-111.0837,40.92128
-109.5143,40.86765
-113.7382,37.182
-112.0179,41.7086
-111.5333,41.96181
-111.8038,40.91689
-80.13276,37.2423
-79.052,37.585
-79.82829,37.06266
-77.6257,37.44378
-80.48,36.745
-77.90815,37.047
-78.6205,38.9766
-77.34673,38.48342
-81.48593,36.62492
-78.20517,38.98773
-78.48832,38.90323
-79.55045,37.38661
-80.6585,35.8525
-80.3755,36.9846
-81.11751,37.0048
-79.85085,37.29734
-76.70926,37.33226
-72.7051,43.4654
-118.0711,46.03944
-118.0519,46.0675
-122.382,46.9382
-121.3055,46.0722
-121.2543,48.5149
-121.5863,46.67111
-122.4988,46.3261
-122.5855,46.3758
-122.9627,46.6622
-121.9063,45.8083
-121.745,48.53944
-122.4275,46.5347
-121.6279,47.0019
-123.5439,46.33425
-117.2776,48.83558
-122.7919,47.94056
-122.3985,45.8331
-121.0909,46.80505
-122.8294,46.0471
-117.9793,46.0573
-121.95,46.05
-121.6009,43.74251
-122.8833,47.28069
-122.2339,45.74715
-123.9718,47.3631
-121.9749,47.7393
-122.4966,47.74897
-119.187,48.32956
-122.3076,46.84565
-122.0282,47.01562
-122.645,48.39936
-123.3749,46.60207
-120.6599,48.31199
-122.3045,46.52352
-123.2182,47.49865
-123.1742,46.98278
-122.3234,47.4506
-123.8343,47.50319
-123.8165,46.4205
-121.25,46.85
-121.9418,47.13485
-121.1859,47.70178
-122.3431,46.2965
-122.2719,46.84748
-122.215,48.308
-121.6962,48.32675
-124.2306,47.2838
-121.5298,47.12045
-121.6314,45.96112
-122.7515,46.78571
-124.3863,47.94001
-121.4813,45.86883
-121.6708,48.03114
-122.202,46.53686
-123.7194,47.08824
-122.4212,47.05072
-121.429,48.05305
-122.5368,47.09762
-122.2763,48.10255
-122.1375,48.11308
-122.528,47.78212
-122.3482,47.064
-124.0556,47.0562
-121.9557,46.77641
-120.9783,47.1902
-123.3212,47.41184
-118.4262,48.6254
-119.8345,48.57028
-122.4349,46.32793
-117.5429,48.03062
-122.741,47.34805
-121.8326,46.43362
-120.8206,47.77559
-121.0161,47.20113
-124.195,47.82243
-121.9103,46.47816
-118.1611,47.96136
-122.2018,48.92982
-122.5935,46.364
-122.3347,48.90147
-121.6267,45.75957
-124.166,47.0709
-122.7197,47.52877
-117.7324,47.97637
-90.51145,45.7743
-90.444,45.775
-90.7221,44.3801
-89.9905,45.0902
-90.42001,45.73271
-92.03925,44.75668
-88.03413,45.64867
-90.43515,45.672
-89.08323,45.05855
-89.3179,43.0625
-87.6779,45.15
-88.0896,45.64585
-92.12408,45.63061
-90.02283,45.63092
-88.29105,43.26699
-81.16211,39.21833
-80.68192,40.1333
-81.85806,39.01972
-80.7582,37.6541
-81.29745,37.58135
-79.5375,39.6995
-81.70641,38.2128
-82.59348,38.35727
-78.49429,39.5226
-79.95418,39.03496
-81.1271,37.32091
-79.3762,38.835
-80.51374,38.33109
-79.3686,38.835
-79.47325,38.8926
-79.4016,38.8409
-80.64685,37.50965
-78.94501,39.335
-81.095,37.7
-79.01405,39.26188
-80.9075,37.7929
-80.3616,37.9937
-79.4593,39.10023
-82.28279,38.16391
-80.71875,37.9208
-80.27,38.98
-81.4625,38.2639
-81.08506,38.0695
-80.6754,38.12852
-79.55928,38.8609
-79.1347,38.44367
-80.6385,38.2845
-81.8074,37.34592
-81.8075,38.10263
-110.4165,46.79165
-110.4165,46.79165
-110.5,41.2
-108.9245,42.9919
-149.7667,61.09085
-132.7333,55.4555
-155.981,57.7566
-142.7691,63.98869
-86.255,31.29
-86.00004,33.00014
-86.2952,33.6332
-86.97057,34.73139
-85.2222,32.6825
-85.21545,32.67715
-85.87055,33.46345
-87.5047,31.20325
-86.59747,34.55946
-85.61766,31.30503
-87.28992,33.20837
-85.79889,34.56327
-85.86473,34.04129
-85.49103,33.12572
-87.56807,31.809
-85.08995,34.24174
-85.7894,33.24084
-87.64934,30.31786
-93.8417,33.31194
-93.76,36.34389
-92.943,35.8019
-92.44583,35.77
-91.97,35.07
-93.17056,34.31611
-91.51528,35.69958
-90.95902,34.97181
-93.45042,35.06144
-94.09966,33.94073
-92.22704,34.56384
-91.48295,33.40425
-92.30753,34.92684
-93.5515,36.1655
-93.1716,35.55535
-110.9986,34.4274
-111.6259,35.1394
-109.155,35.97
-111.8907,34.7706
-110.9583,34.33335
-112.05,34.7
-111.08,34.475
-111.7,35.09
-111.375,34.425
-110.98,34.35
-110.9725,34.34
-111.675,35.3
-110.0632,34.27139
-111.4925,34.375
-111.4,34.575
-111.7101,35.33069
-112.0934,36.3431
-112.53,34.45
-109.9643,32.7071
-110.4829,34.0425
-109.11,36.225
-113.46,34.55
-110.85,34.275
-112.24,36.65
-111.0946,34.43951
-109.9134,32.70631
-109.9648,32.70722
-110.5712,34.24228
-109.7452,33.988
-111.7099,34.67245
-111.7141,35.30685
-111.3164,34.43542
-120.5414,41.48722
-118.9592,37.65028
-120.2867,38.27194
-120.1039,38.07584
-120.2667,38.05
-119.0736,37.78861
-118.6744,36.22306
-120.0914,38.9575
-123.7481,41.37861
-121.7314,40.53806
-120.1547,38.18389
-119.9924,38.24805
-121.015,39.26167
-118.5272,36.10556
-121.2733,39.64306
-118.6078,35.56805
-118.3356,35.51222
-119.235,37.23167
-119.8208,38.77778
-118.5821,35.44986
-120.5856,38.76139
-118.6092,36.4525
-122.6986,40.98333
-120.2636,38.03305
-120.4683,39.11167
-120.8294,39.5575
-123.6581,41.23528
-120.8983,39.21667
-120.3536,38.25472
-124.0586,41.28694
-120.0047,38.4775
-120.5619,38.71806
-123.115,39.83
-121.4822,39.53722
-120.5264,38.39917
-121.5027,39.55249
-122.7,38.75
-120.0491,38.45799
-123.15,39.25
-120.0969,38.96
-120.5764,38.91185
-118.9614,37.2804
-120.6049,38.9037
-119.9501,38.6167
-123.6667,41.25
-121.9167,40.4999
-122.1675,40.75
-118.225,34.25
-120.7413,40.43298
-120.914,39.374
-120.1862,38.23475
-120.1666,39.0833
-124.2,40.3
-123.4439,39.06583
-119.801,38.3958
-120.245,38.015
-118.9386,37.1303
-118.8741,37.28675
-120.0416,38.20835
-118.1666,36.1999
-119,37.5999
-119.2481,37.90613
-120.0825,38.80435
-121.0479,38.95285
-117.9667,35.7
-119.864,38.17625
-124.0101,40.35259
-120.0397,38.09832
-120.125,38.375
-117.0416,34.04165
-119.2167,38.04165
-118.3804,35.5803
-118.375,35.95835
-124.1417,41.84998
-118.625,35.17748
-120.0459,38.03917
-116.6329,33.81678
-116.7944,34.2556
-122.7,41.1139
-118.3302,35.12931
-119.118,37.79337
-116.4208,32.81075
-122.553,40.5835
-118.6331,35.84503
-120.4036,38.77386
-119.2654,38.04679
-117.1776,34.33843
-122.1024,40.7729
-118.5391,37.17004
-116.5645,33.03662
-123.9122,40.01142
-119.1291,37.97761
-118.7729,36.56304
-123.7876,40.03527
-123.669,41.0312
-105.3812,38.9
-105.0354,38.71145
-106.171,39.3045
-105.0138,39.0621
-107.9584,37.70835
-107.4667,37.38334
-105.0787,39.4455
-106.1215,39.29325
-107.4381,40.00385
-107.1971,37.89225
-106.7522,39.01577
-107.8708,40.277
-106.7682,40.4805
-106.3325,37.3199
-106.541,37.2362
-106.6735,39.879
-106.4745,37.26505
-106.4213,39.15735
-107.501,37.33815
-105.2869,37.56055
-105.047,38.68775
-105.5728,40.33838
-105.9111,38.77741
-105.812,40.3105
-105.7065,39.4191
-105.1821,40.26821
-105.6723,39.30023
-107.193,38.02372
-72.46315,41.51105
-73.35194,41.68669
-72.30142,41.38609
-71.95564,41.38695
-73.15157,41.82935
-72.99536,41.95082
-75.3793,38.88665
-75.36536,38.71
-80.86715,28.98195
-81.3142,25.84875
-81.39806,30.0771
-81.6143,26.6878
-87.00008,31.00009
-81.08198,29.29063
-81.45421,29.7788
-81.4692,29.04865
-80.96515,27.35644
-81.649,28.966
-85.97701,30.993
-81.49433,30.2637
-81.5545,28.5465
-80.98849,26.1699
-81.58581,27.9013
-82.391,27.445
-81.89438,30.10534
-81.356,25.953
-81.0834,29.3396
-81.90182,30.03042
-82.8436,30.31709
-82.11083,28.54028
-81.303,25.901
-81.45354,28.80455
-85.685,30.79
-81.14076,28.63434
-81.9347,30.0461
-82.05391,29.56871
-81.11927,28.48106
-81.8592,29.77291
-82.28943,30.43412
-83.649,30.59612
-81.8992,30.25389
-87.265,30.9725
-82.0125,29.95301
-81.99105,27.07842
-82.20726,28.84542
-82.92592,29.28942
-81.7624,30.0809
-81.43248,28.98491
-81.12167,29.4076
-82.61581,29.32605
-82.11937,28.36168
-82.15501,29.94974
-81.13924,29.41889
-81.3215,25.889
-81.78307,29.47529
-81.32394,28.91605
-81.00677,28.13136
-81.41444,30.36186
-81.23386,28.97672
-82.71979,29.4694
-82.44075,29.74815
-81.03185,28.56308
-80.94411,28.54293
-82.04508,28.45786
-80.31353,26.9807
-80.48021,25.73951
-81.97549,28.94296
-82.30699,27.10589
-81.35342,28.11468
-81.64948,26.03808
-81.4048,29.96828
-86.54302,30.62555
-81.03941,27.34928
-81.21989,28.96416
-81.87347,27.93531
-81.01299,28.45247
-81.95499,28.525
-81.02086,28.12565
-82.35606,28.29324
-85.4937,30.46805
-81.7089,28.69205
-81.306,28.8555
-80.79379,27.45883
-81.51359,28.05144
-81.55172,29.97454
-81.45163,28.20249
-85.8055,30.1766
-82.63696,28.55359
-81.67247,27.93991
-82.12901,27.40743
-82.23728,28.12479
-83.41369,30.5931
-81.24751,26.18326
-86.55637,30.68441
-84.50055,34.1962
-85.3297,34.77525
-84.25755,32.80865
-83.76585,34.66255
-84.80283,33.81283
-83.07575,31.0614
-83.77232,34.37537
-82.77173,31.2137
-81.34159,32.13781
-85.15337,33.81461
-84.6216,34.8983
-85.10299,34.4826
-84.0354,34.6527
-83.18237,34.94325
-83.6746,34.70107
-84.79601,33.796
-82.74675,31.30952
-84.78122,30.79456
-85.19659,34.17769
-83.57655,31.85605
-85.42266,34.62689
-84.79704,34.06787
-83.45181,34.70157
-84.16016,31.62608
-85.35133,33.95003
-82.24796,32.74985
-84.3453,34.81182
-84.60457,31.71434
-83.69681,33.09184
-85.01929,33.91604
-91.75641,45.8618
-93.85965,40.8348
-92.06343,43.32922
-94.20245,42.6766
-91.57033,41.7822
-90.84215,42.50969
-95.12505,43.47104
-94.01338,42.10722
-94.91264,42.23576
-95.68422,40.66972
-91.96428,42.51633
-92.15997,43.19481
-113.8441,43.79615
-114.9221,44.14765
-116.1842,48.15585
-116.6079,47.85001
-115.3106,44.14555
-115.8405,45.16792
-111.4418,43.61015
-116.71,48.33
-111.5212,42.35635
-116.9945,47.61947
-116.8415,48.74915
-115.2019,44.62801
-116.9137,48.43676
-115.6803,44.64824
-112.2149,42.10072
-116.7338,48.75694
-111.8617,43.86739
-113.8186,45.2704
-115.8545,46.75905
-116.5499,47.96905
-116.8768,48.22407
-116.8596,48.73665
-116.0776,47.19253
-116.2853,44.45853
-115.6292,47.23444
-116.7369,47.23455
-116.4292,46.75473
-115.947,47.5405
-115.3929,43.71597
-91.3883,40.3752
-88.3461,37.5
-89.34285,41.86395
-89.585,40.61
-88.55,37.63
-88.50061,37.61404
-88.4375,41.625
-88.9319,37.61095
-87.7424,40.1527
-88.65912,37.52127
-88.7476,37.228
-88.09506,42.17577
-89.04518,40.65639
-89.80123,38.90123
-90.28404,40.63267
-89.41539,41.90703
-89.73378,40.82944
-87.76622,41.63243
-89.95824,40.5634
-88.18031,41.89011
-89.99568,40.63281
-88.7584,37.2276
-88.2886,42.1551
-89.68079,39.66676
-89.66525,39.6395
-88.01345,41.207
-89.599,40.8365
-87.76622,41.63243
-90,40
-89.53419,38.9241
-89.6845,39.62
-90.6757,40.1348
-90.22054,41.73534
-87.80624,39.09109
-88.83003,38.18881
-87.86476,41.63039
-88.98228,37.92017
-88.66103,41.29077
-87.7313,39.40458
-89.61281,39.73333
-87.75156,41.53346
-89.15173,37.61335
-89.36896,37.18404
-90.7771,40.55179
-89.65926,39.83627
-90.78947,40.45428
-87.5321,41.4811
-90.1173,39.34657
-87.90503,38.87531
-87.869,38.893
-87.8617,41.7173
-90.0775,39.3047
-89.9758,39.2038
-87.84415,41.67433
-87.7714,41.7627
-89.21439,38.27372
-89.7915,38.4335
-89.79143,38.4326
-87.62597,41.53887
-87.71541,40.09169
-89.87602,38.66736
-89.8774,38.74625
-88.96978,38.32304
-86.13757,37.59461
-88.35001,42.38553
-88.36589,37.44508
-86.23506,38.4191
-86.19055,38.43235
-86.05825,39.2152
-87.41805,38.1579
-86.81714,39.74356
-86.93636,39.72848
-87.08955,39.9347
-87.0796,40.38335
-85.57069,40.74765
-86.49139,39.02502
-85.95914,38.39027
-86.38894,39.04744
-86.4324,39.3804
-85.57882,38.02847
-86.3356,39.17909
-86.04386,38.71342
-94.97862,37.7684
-95.488,39.1441
-95.74633,39.06381
-97.58336,38.37558
-96.35309,39.14519
-97.56253,37.3901
-97.56185,38.1814
-94.4955,39.3985
-94.477,38.5735
-95.3465,38.176
-86.0163,37.1496
-85.359,37.689
-86.1425,36.772
-83.69043,37.83438
-83.16293,36.89771
-82.81679,37.19822
-85.00044,38.63813
-83.79678,37.65805
-82.74595,37.22604
-82.70393,38.11509
-82.44214,38.03338
-84.0821,36.8817
-86.35931,37.55379
-85.03827,38.25861
-85.03827,38.24361
-84.63702,38.73854
-86.5549,36.8066
-86.73543,36.91533
-84.23711,36.40406
-82.5446,38.05344
-83.46014,37.53918
-88.12511,36.92799
-83.1815,38.0311
-82.868,38.195
-91.0955,30.96745
-92.28034,31.41787
-92.422,31.368
-70.97708,41.60551
-70.89049,41.83664
-71.80123,42.54334
-72.82665,42.08179
-72.91994,42.64809
-73.16418,42.34607
-70.95207,41.85164
-73.47686,42.08354
-73.16617,42.63678
-71.83971,42.08363
-73.38644,42.07867
-72.53766,42.30283
-76.54514,38.81639
-76.811,39.11378
-76.6691,39.6946
-77.2948,39.06392
-69.3614,44.6908
-70.6235,43.6676
-70.99485,45.04705
-70.81187,43.2045
-68.63222,45.04943
-68.2283,44.78159
-83.59014,42.285
-88.16361,47.232
-89.31389,46.87111
-84.4587,41.79639
-83.86097,42.36639
-84.16389,44.53665
-87.3459,46.34445
-86.0221,45.9796
-86.42896,44.091
-85.95915,42.4637
-87.5034,46.52545
-86.5367,46.4722
-83.78585,44.56215
-85.23538,45.33075
-85.6667,44.45835
-83.62335,44.62
-84.00156,44.34035
-84.2915,42.43235
-85.2515,43.2725
-83.5175,45.1365
-84.4445,44.398
-84.41335,43.83165
-86.376,43.689
-83.95399,44.2055
-83.9205,45.0635
-86.36,42.19
-83.3595,41.972
-84.94099,43.265
-86.11156,44.73109
-84.30746,45.31915
-85.44922,44.71466
-84.10373,42.17291
-84.01165,44.68
-83.61314,44.68047
-85.72845,44.83369
-85.68,43.22
-87.326,45.78247
-85.9222,44.25533
-84.21035,45.22039
-87.09378,45.74023
-89.5,46.25
-84.53609,41.78913
-87.05026,45.93311
-87.87157,45.7457
-84.72002,46.01793
-81.52805,42.75195
-83.88607,44.48875
-87.04828,45.89259
-83.37971,44.42654
-83.40396,44.49427
-87.15701,46.06728
-83.45052,44.56203
-87.74364,45.69347
-95.0168,47.8764
-94.1211,47.3304
-93.9137,47.323
-92.83521,46.3725
-90.58915,48.0607
-92.84309,46.3666
-94.83755,47.1589
-94.80162,46.67197
-92.88618,46.02361
-92.6349,47.51591
-93.28008,47.31732
-92.2895,48.13826
-93.75745,47.65885
-92.296,48.1316
-96.0073,48.8572
-90.0545,46.06195
-94.41713,47.39974
-95.05023,47.48271
-92.75357,47.47025
-94.07877,47.76524
-94.88525,47.52413
-93.41,37.54661
-92.1527,36.7548
-91.41383,37.63169
-93.25712,36.71418
-91.30804,37.2306
-93.1073,36.3881
-93.6383,36.7279
-94.2319,36.50787
-90.86792,37.66643
-90.7357,38.4063
-90.21339,36.57869
-90.52135,37.18847
-95.32129,37.8322
-92.22327,37.50983
-94.2908,39.20894
-92.2428,36.4504
-94.10855,39.03445
-94.60359,37.84239
-94.32079,37.91544
-94.1927,38.524
-92.5415,37.4504
-90.55145,38.45927
-93.64312,40.57773
-90.89388,37.05571
-91.42575,37.99225
-94.30658,39.00875
-92.337,38.1875
-90.4935,37.5965
-93.11722,36.72415
-92.63587,37.46041
-92.1855,38.4125
-94.188,38.521
-93.6515,39.83804
-88.68893,32.09515
-88.26655,34.735
-114.08,46.75889
-113.82,48.68
-113.7593,47.60413
-113.1424,46.30766
-109.5528,45.28074
-114.0725,46.96508
-111.2644,46.48392
-113.5911,46.5252
-110.6268,46.59692
-111.3637,45.7922
-110.7897,45.61331
-113.8334,46.93335
-111.75,46.24
-81.80479,35.83845
-78.968,36.2058
-83.007,35.211
-83.26097,35.89305
-83.23206,35.10486
-81.402,35.194
-80.2084,35.95815
-80.375,36.48615
-81.56219,36.42315
-79.88049,35.0554
-81.95195,35.95865
-82.87408,35.7695
-80.69763,35.43787
-81.77603,35.78043
-79.75537,35.56577
-81.20877,35.84103
-80.01653,35.35636
-83.52959,30.0326
-80.00272,35.31331
-80.08778,35.46955
-79.86721,35.25048
-82.39165,35.28195
-83.17152,35.53467
-83.17152,35.53467
-82.65414,35.2725
-102.7291,47.63297
-103.018,42.71425
-103.0044,42.69657
-96.34203,42.15685
-71.46778,43.28556
-70.93333,43.05
-71.1794,44.79969
-74.3966,39.934
-74.3516,40.77545
-74.84528,40.60667
-74.46155,40.9427
-74.49518,40.93552
-74.55341,39.69191
-74.64189,41.27412
-74.68758,41.29453
-74.69759,39.22348
-74.42721,39.94853
-105.7197,33.2516
-106.9958,36.91475
-108.8548,36.14505
-106.9571,36.095
-109.0612,36.39135
-105.5596,36.19625
-105.7338,33.27094
-106.5784,36.90237
-118.1806,40.52737
-76.17366,42.40489
-78.1946,43.2265
-77.664,43.2696
-73.73606,44.66399
-75.38025,42.0837
-73.91649,41.38084
-74.00528,43.81495
-73.51238,43.6678
-73.56614,43.66344
-77.36516,42.54346
-75.57448,43.64706
-75.58825,44.62185
-74.47383,43.13206
-73.81,43.32
-74.11488,41.23296
-74.15429,43.30679
-73.34347,43.35086
-73.59659,41.49887
-73.59506,41.60511
-77.29334,42.67993
-82.1334,40.25597
-81.5693,40.6298
-81.22745,41.3235
-80.67828,40.3725
-82.6353,39.5246
-81.49697,40.0799
-81.2558,40.42687
-82.27037,39.24523
-84.15971,39.8494
-82.38627,40.99562
-81.57021,41.35208
-81.28275,41.50086
-81.52101,40.11632
-81.27506,41.38199
-81.5518,40.1138
-80.616,40.725
-82.79665,39.10495
-81.1188,40.20275
-81.20422,39.86019
-81.60838,41.25248
-81.3654,41.05931
-89.34647,39.74678
-80.85832,41.12884
-80.90944,40.64049
-84.1317,39.03501
-81.37085,39.42635
-83.12891,38.69322
-82.63536,39.59947
-81.64181,41.16984
-81.26729,40.90177
-80.84143,41.81429
-83.40022,39.11929
-81.11617,41.13183
-81.36305,41.06194
-81.4936,40.11682
-81.15179,40.24786
-80.7291,40.87496
-81.18504,40.36207
-82.34181,41.17222
-82.12366,40.62731
-80.98022,41.76702
-83.7278,39.6543
-80.14099,41.11447
-82.14194,40.59307
-81.50403,40.12719
-81.91616,41.22248
-82.07824,41.11417
-82.16943,40.60291
-83.07492,39.05922
-83.02551,38.9506
-80.96186,41.85256
-84.51192,39.65625
-80.61996,40.73206
-84.08533,39.01569
-81.5168,41.21424
-82.36591,41.06939
-84.14354,39.00175
-82.29642,40.61111
-81.04791,39.91209
-82.13298,40.01209
-81.49033,40.14003
-81.02382,40.68514
-84.25986,39.26903
-82.49833,39.56573
-82.49968,39.57143
-83.56633,38.82795
-82.24197,40.36462
-80.85938,40.10975
-80.62003,40.16912
-81.14331,40.10084
-84.10463,39.42606
-82.26806,40.81139
-80.70913,40.91197
-80.81801,40.36887
-82.31692,40.61309
-94.70278,34.52667
-94.60042,34.45195
-94.91928,34.52436
-94.685,34.695
-94.575,34.64583
-94.98001,35.56637
-94.7264,34.73966
-94.7297,34.74338
-94.49968,34.49108
-99,35
-95.11875,34.6021
-98.24586,35.08344
-94.66875,34.8146
-95.2419,36.22935
-97.26022,35.68081
-94.4325,34.4415
-95.80589,36.37919
-94.4095,34.0775
-95.12156,34.50572
-122.3057,44.97487
-123.6664,45.07072
-123.625,45.70835
-123.3601,45.76569
-123.9211,45.99378
-122.5674,44.79307
-122.2487,45.4684
-118.6131,45.58982
-118.8215,43.85975
-123.5792,45.0487
-122.8494,44.6616
-118.5908,44.5385
-123.296,45.82565
-122.3803,45.1867
-122.8042,43.6583
-122.9546,45.7492
-124.3688,43.1786
-121.9683,44.4625
-122.4,44.9633
-122.5541,43.296
-123.5417,45.93701
-123.2433,44.6693
-122.1874,44.699
-121.9446,42.23865
-121.9547,45.3207
-123.3333,42.0833
-118.5658,45.6764
-122.7875,45.11259
-121.5134,45.38736
-123.4573,46.03193
-117.925,45.91665
-123.2916,42.125
-123.75,42.22501
-123.5036,43.61538
-123.5524,44.50455
-121.3866,42.36945
-123.3973,45.61308
-121.7828,43.97603
-121.4705,43.98136
-122.1032,45.1518
-123.6113,45.59864
-122.9343,44.05917
-118.7056,45.66721
-121.6794,45.24006
-121.3226,45.33935
-122.7085,43.85062
-123.0137,42.2356
-118.3243,45.45024
-123.9834,43.27402
-78.39445,41.31268
-80.19804,40.50322
-75.9799,41.79985
-78.52589,40.65083
-78.04547,41.34404
-76.04183,39.73523
-75.23662,41.50383
-79.58031,40.43163
-80.12229,41.07374
-80.07443,40.94997
-75.74288,41.32501
-80.3293,40.60946
-77.85934,40.33498
-80.07216,40.92895
-71.58906,41.4596
-71.74425,41.81391
-80.65645,32.9032
-81.396,34.421
-79.884,33.132
-78.3829,33.5155
-82.82005,34.35765
-80.559,32.825
-80.95958,32.29968
-80.45451,33.04536
-81.54448,34.39092
-81.60892,35.14947
-103.6183,44.38611
-103.7742,44.21694
-88.30945,35.80762
-83.73153,36.19408
-83.3626,35.46865
-83.47566,35.64151
-84.05056,35.40472
-85.02585,35.5467
-89.7735,35.416
-87.2352,35.0228
-83.21461,36.38632
-86.2011,35.9978
-84.8215,35.129
-82.3045,36.0925
-84.85902,36.39403
-87.44963,35.78439
-87.0886,36.1874
-87.8084,35.545
-84.38335,36.105
-84.88694,35.8823
-101.5361,33.45278
-95.62861,33.82722
-97.81083,29.385
-100.8361,33.62167
-98.05,32.53333
-96.27306,33.59
-95.58334,30.95972
-95.24917,33.34139
-94.86833,32.28944
-95.41817,32.51556
-96.2,31.87333
-96.04472,28.8
-93.68333,30.76667
-95.71278,30.52694
-95.36166,30.405
-96.59167,30.525
-95.12305,30.55
-93.89,30.43444
-94.58,30.71139
-94.66653,30.66986
-95.5,29
-95.13,30.46
-93.97194,30.33778
-95.47556,30.14378
-95.77908,30.54366
-100.545,30.566
-95.20691,31.50773
-97.59946,31.37756
-100.4219,31.44815
-98.53998,31.4771
-97.03784,33.27303
-95.92831,33.79094
-96.76199,33.81435
-97.815,32.475
-98,32.755
-97.47971,29.30877
-94.04529,30.7114
-98.15556,29.79893
-98.56143,29.26258
-94.20776,31.05591
-94.14799,33.17162
-94.12258,33.2784
-95.84,33.25
-98.4,33.2
-95.72607,30.52897
-98.3,33.375
-99.295,34.31
-97.025,32.675
-96.42506,30.55738
-97.05,33.25
-97.18,33.04
-96.6075,33.825
-95.3175,30.3115
-98.105,34.125
-96.17,33.2
-94.69412,32.79338
-111.63,40.42
-110,40.65
-109.75,40.9
-111.23,39.48
-111.625,40.9
-109.575,40.75
-111.5986,40.26705
-110.825,40.825
-110.3583,40.61125
-111.5833,41.41125
-111.6348,41.49955
-110.8055,40.60353
-110.3961,40.98583
-82.4179,36.8778
-80.04166,36.94165
-80.8797,37.00085
-79.1345,36.589
-75.6561,37.92735
-76.364,36.6765
-79.14478,38.56546
-79.908,37.01115
-78.5367,38.36885
-77.90815,37.047
-79.65548,38.44714
-77.90815,37.047
-77.2265,38.0735
-79.14795,38.58125
-76.0418,36.7586
-80.89,36.932
-79.8871,37.12815
-78.02081,38.9593
-81.9107,36.76377
-79.79759,37.64224
-80.36054,37.15814
-80.6275,37.41095
-79.11095,38.57716
-78.1268,38.89625
-81.62195,36.73225
-79.02109,38.51591
-79.5912,37.75926
-82.39963,37.17433
-73.0723,43.1635
-72.43684,43.43623
-72.60887,42.86222
-122.1283,46.10861
-123.1583,47.2641
-121.8,46.1333
-121.6667,45.9667
-121.9697,47.85556
-118.9844,48.40611
-117.6454,47.981
-121.0638,46.621
-122.0252,46.5256
-120.319,47.4822
-121.9191,46.0969
-118.9505,47.9093
-122.2864,47.0586
-121.3676,47.8901
-121.9192,46.21583
-123.8979,47.4645
-121.6967,48.9058
-121.5497,47.0228
-121.6606,46.7225
-122.885,47.23194
-122.8531,47.9237
-122.6916,48.247
-121.5633,47.40245
-121.8943,47.16145
-123.7108,48.08025
-122.3416,46.44165
-123.3958,47.2055
-121.7812,47.4352
-123.8647,46.988
-123.7349,48.1368
-122.1301,46.3751
-122.2196,48.78336
-124.3324,47.5532
-123.2383,46.8434
-117.2833,48.79056
-120.2238,47.2637
-120.715,47.775
-121.3603,46.74778
-123.9364,47.86028
-122.195,47.275
-121.1544,47.71167
-122.1761,45.4549
-124.1736,46.92694
-122.0297,46.75861
-123.8796,47.86697
-123.8358,46.93755
-121.3685,48.66175
-120.7426,47.74435
-122.3291,46.13795
-120.1611,48.45809
-117.3672,48.86479
-122.535,47.7504
-121.5775,46.14853
-123.2008,47.3978
-119.0802,48.71545
-121.5777,48.22336
-119.7595,48.3912
-123.1976,47.396
-119.5423,48.94655
-120.1611,48.45809
-122.9316,46.50511
-119.187,48.32956
-122.105,47.6597
-122.0467,46.74621
-122.1931,46.11887
-121.8738,46.40153
-121.45,47.09685
-122.5377,47.74225
-121.905,48.105
-121.5354,47.55477
-121.9677,48.11509
-121.4821,45.99935
-122.8665,47.28435
-123.9878,47.2331
-122.0303,46.39019
-121.9563,47.00008
-122.3574,46.878
-121.6321,46.99857
-121.718,45.9216
-122.5089,48.17107
-118.5905,48.51673
-121.851,48.13025
-122.6361,46.51479
-121.2957,46.52485
-121.4008,47.97205
-121.7576,45.96578
-122.5572,46.38448
-122.0571,46.81398
-122.5319,46.49406
-122.0566,46.75225
-124.6802,48.27646
-123.2259,47.46872
-121.921,45.83632
-123.0235,46.50835
-123.1267,47.29435
-123.2005,47.41995
-123.7095,46.82742
-123.5436,47.94485
-122.5552,47.77293
-122.7043,46.86044
-121.6692,47.90079
-122.6317,46.97441
-123.4013,46.71103
-119.8428,48.6584
-122.1676,47.7925
-120.8032,48.58177
-121.6014,46.68102
-122.5308,46.59632
-122.1253,47.6633
-124.199,47.19006
-122.0246,46.75953
-121.4234,47.04433
-121.4469,48.04725
-120.55,47.83843
-121.3552,48.02073
-122.157,47.06045
-119.6985,48.57806
-124.1692,46.96189
-121.5186,48.10892
-123.1592,47.61922
-122.2138,48.27656
-123.0865,47.12015
-122.0775,47.34072
-121.3034,46.85524
-120.6502,47.85691
-122.941,47.67304
-124.1526,46.96114
-121.3201,46.73581
-122.0669,47.1352
-119.9417,48.44425
-120.793,48.50999
-122.3677,47.03189
-121.1057,47.82636
-121.3455,48.43505
-117.167,47.5505
-121.3539,48.13261
-119.182,48.64385
-122.4607,46.64191
-120.7219,47.72298
-120.502,48.64185
-122.2669,46.86113
-118.0076,48.18676
-122.6246,47.09982
-117.9368,48.36624
-122.1625,47.172
-121.6785,47.6016
-117.5853,48.80483
-121.5757,48.1917
-122.1054,47.1862
-117.159,47.73081
-121.5094,46.6979
-121.1417,47.41704
-123.1586,47.57132
-117.4546,48.2914
-117.0579,48.49398
-122.1845,48.48157
-121.8281,48.37697
-118.0387,48.15997
-121.805,47.2255
-122.3445,45.77225
-121.2719,46.51122
-121.8588,48.56245
-123.7635,47.44
-117.3349,48.65397
-121.2323,46.64558
-121.9223,45.80191
-121.7464,46.9805
-122.182,46.4125
-122.2389,45.74796
-121.5406,46.71444
-122.1455,48.84984
-121.7555,47.49488
-124.5989,48.11949
-122.0504,46.33448
-117.5152,47.75026
-121.9305,46.1725
-122.1692,46.13657
-120.554,47.18806
-122.8345,47.89745
-117.5302,47.74207
-117.5888,48.57989
-120.607,47.64581
-120.6295,47.79538
-120.9383,47.21551
-120.9477,47.34432
-92.30575,46.05229
-89.8741,45.7264
-89.66195,46.0484
-90.46,45.94
-91.1713,46.6425
-90.7167,44.4723
-88.3245,43.251
-87.49564,44.69867
-91.10812,46.25961
-89.18135,43.8708
-88.44846,42.97569
-88.38782,45.95359
-89.66046,45.87116
-89.7793,44.42315
-87.52243,42.51519
-90.2787,43.13145
-89.7715,44.4308
-89.6816,42.95915
-89.21035,45.941
-90.24295,42.82445
-89.3381,46.1675
-90.7109,43.1573
-92.66538,45.38867
-91.2421,46.42085
-90.86665,46.67915
-88.31644,43.21667
-91.30911,45.95919
-90.43416,45.90015
-89.91314,46.08392
-82.07358,38.46118
-82.0849,38.8448
-79.5653,38.6934
-80.17528,38.10833
-81.14833,39.61958
-80.5621,39.6723
-80.19044,38.10785
-79.98335,39.05
-80.985,39.51
-80.17294,38.20065
-81.0321,38.7365
-79.665,39.9433
-79.95695,38.8762
-81.1447,37.6665
-79.98,38.55
-80.915,39.355
-81.8,37.515
-82.4438,38.3248
-79.18524,38.57502
-79.7773,38.712
-79.33413,38.52026
-79.7927,38.7201
-79.26241,38.6492
-79.68047,38.93027
-81.2625,37.603
-78.05424,39.51256
-80.2522,38.18933
-79.7625,38.9695
-110.5979,42.4829
-110.9967,42.4914